nombreArchivos,version,fechaIngreso
Analisis de Robustez.pdf,1,2024-01-12
CIIA-ES-11-2023.pdf,1,2024-01-12
CIIA-ES-REducido.pdf,1,2024-01-12
Normas Para Sistema Financiero.pdf,1,2024-01-12
Resolver-el-cubo-de-Rubik-con-una-sola-formula.pdf,1,2024-01-12
IA sem9 Problemas de Satisfacción de Restricciones.pdf,1,2024-01-12
IA sem11 TIA Visión Artificial 1-2.pdf,1,2024-01-12
Itis party.pdf,1,2024-01-12
CIIA-ES-REducido.pdf,2,2024-01-12
Itis party.pdf,2,2024-01-12
Analisis de Robustez.pdf,2,2024-01-15
Resolucion SB-2023-2502.pdf,1,2024-01-15
Norma_para_la_Gestion_de_Riesgo_Operativo.pdf,1,2024-01-15
Resolucion SB-2023-2637.pdf,1,2024-01-15
El cambio climatico.pdf,1,2024-01-15
Resolucion SB-2023-2502.pdf,1,2024-01-30
